Date,Name,Year,Letterboxd URI
2021-04-19,Jojo Rabbit,2019,https://boxd.it/iEBG
2021-04-19,Uncut Gems,2019,https://boxd.it/gXGc
2021-04-19,Batman Begins,2005,https://boxd.it/2aIg
2021-04-19,Saving Private Ryan,1998,https://boxd.it/29ro
2021-04-19,Sorry to Bother You,2018,https://boxd.it/f21E
2021-04-19,12 Years a Slave,2013,https://boxd.it/2D2e
2021-04-19,Being John Malkovich,1999,https://boxd.it/2ahu
2021-04-19,The Godfather: Part II,1974,https://boxd.it/2aNq
2021-04-19,The Shawshank Redemption,1994,https://boxd.it/2aHi
2021-04-19,GoodFellas,1990,https://boxd.it/29FA
2021-04-19,Schindler's List,1993,https://boxd.it/2aq2
2021-04-19,2001: A Space Odyssey,1968,https://boxd.it/2bf0
2021-04-19,The Silence of the Lambs,1991,https://boxd.it/2aHW
2021-04-19,Memories of Murder,2003,https://boxd.it/1TSo
2021-04-19,Casablanca,1942,https://boxd.it/2aG0
2021-04-19,22 Jump Street,2014,https://boxd.it/5Fvy
2021-04-19,Semi-Pro,2008,https://boxd.it/1Qw0
2021-04-19,The 40 Year Old Virgin,2005,https://boxd.it/21hK
2021-04-19,Bruce Almighty,2003,https://boxd.it/2aCC
2021-04-19,The Social Network,2010,https://boxd.it/17ue
2021-04-19,Deadpool 2,2018,https://boxd.it/dlLM
2021-04-19,John Wick,2014,https://boxd.it/7dEc
2021-04-19,1917,2019,https://boxd.it/jj4y
2021-04-19,Marriage Story,2019,https://boxd.it/hJAw
2021-04-19,It,2017,https://boxd.it/bC8e
2021-04-19,Blade Runner,1982,https://boxd.it/2bcA
2021-04-19,The Irishman,2019,https://boxd.it/dYOq
2021-04-19,Logan,2017,https://boxd.it/7Piy
2021-04-19,Dead Poets Society,1989,https://boxd.it/2aSg
2021-04-19,Gravity,2013,https://boxd.it/GZY
2021-04-19,The Devil All the Time,2020,https://boxd.it/i2tY
2021-04-19,Cherry,2021,https://boxd.it/jRhm
2021-04-21,Gladiator,2000,https://boxd.it/2b9m
2021-04-21,Psycho,1960,https://boxd.it/2ab2
2021-04-21,Braveheart,1995,https://boxd.it/2aTI
2021-04-21,Dial M for Murder,1954,https://boxd.it/2adW
2021-04-21,Fargo,1996,https://boxd.it/2aHM
2021-04-21,The Deer Hunter,1978,https://boxd.it/1T6O
2021-04-21,Hacksaw Ridge,2016,https://boxd.it/azew
2021-04-30,This Is England,2006,https://boxd.it/1T44
2021-05-30,Freaks,2018,https://boxd.it/jFUm
2021-05-30,Forgotten,2017,https://boxd.it/hAJE
2021-05-30,Synchronic,2019,https://boxd.it/k3M2
2021-05-30,I Am Mother,2019,https://boxd.it/ihNE
2021-05-30,The Invisible Guest,2016,https://boxd.it/euce
2021-05-30,The Gift,2015,https://boxd.it/aJMy
2021-05-30,I'm Thinking of Ending Things,2020,https://boxd.it/i4IQ
2021-05-30,What Happened to Monday,2017,https://boxd.it/ejUu
2021-05-30,The One I Love,2014,https://boxd.it/77gy
2021-05-30,Fracture,2007,https://boxd.it/220K
2021-05-30,The Invitation,2015,https://boxd.it/9OUU
2021-05-30,The Signal,2014,https://boxd.it/77hc
2021-05-30,The Endless,2017,https://boxd.it/ffyw
2021-05-30,Gerald's Game,2017,https://boxd.it/buKa
2021-05-30,Mirage,2018,https://boxd.it/jeOm
2021-06-07,Mr. Nobody,2009,https://boxd.it/1k44
2021-06-07,Wonderful World End,2014,https://boxd.it/b0rM
2021-06-07,Love & Peace,2015,https://boxd.it/b9RE
2021-06-07,"This Is Not a Burial, It’s a Resurrection",2019,https://boxd.it/mRiA
2021-06-07,Wildlife,2018,https://boxd.it/eKYe
2021-06-25,Don't Tell a Soul,2020,https://boxd.it/l0vE
2021-07-09,Nocturnal Animals,2016,https://boxd.it/bkFu
2021-07-09,Enemy,2013,https://boxd.it/5xtO
2021-07-11,Split,2016,https://boxd.it/dgSy
2021-07-12,Ghost Dog: The Way of the Samurai,1999,https://boxd.it/23Ne
2021-07-14,The Usual Suspects,1995,https://boxd.it/29XE
2021-07-16,13 Assassins,2010,https://boxd.it/jqc
2021-07-16,2 or 3 Things I Know About Her,1967,https://boxd.it/20Am
2021-07-16,2046,2004,https://boxd.it/29tu
2021-07-16,25th Hour,2002,https://boxd.it/28LC
2021-07-16,28 Days Later,2002,https://boxd.it/2aXU
2021-07-16,3 Women,1977,https://boxd.it/YPs
2021-07-16,Come and See,1985,https://boxd.it/1w9q
2021-07-16,Harakiri,1962,https://boxd.it/1NTU
2021-07-28,Casino Royale,2006,https://boxd.it/1alk
2021-07-28,The Piano Teacher,2001,https://boxd.it/2886
2021-07-30,Dazed and Confused,1993,https://boxd.it/1Ylk
2021-08-07,Isle of Dogs,2018,https://boxd.it/dZrW
2021-08-07,Rushmore,1998,https://boxd.it/1TAO
2021-08-17,"O Brother, Where Art Thou?",2000,https://boxd.it/2b3I
2021-08-20,Promising Young Woman,2020,https://boxd.it/loRE
2021-09-01,The Belko Experiment,2016,https://boxd.it/blCw
2021-09-07,Clouds,2020,https://boxd.it/nmI0
2021-10-01,Training Day,2001,https://boxd.it/27A4
2021-10-11,One Hour Photo,2002,https://boxd.it/1YT2
2021-10-13,Battle of the Sexes,2017,https://boxd.it/cNxw
2021-10-26,The French Dispatch,2021,https://boxd.it/jLP8
2021-11-02,Trick 'r Treat,2007,https://boxd.it/1zvE
2021-11-02,Titane,2021,https://boxd.it/nlQC
2021-11-02,Judas and the Black Messiah,2021,https://boxd.it/lsew
2021-11-23,Mars Attacks!,1996,https://boxd.it/2bd4
2021-12-01,The Royal Tenenbaums,2001,https://boxd.it/1YHU
2021-12-01,The Hateful Eight,2015,https://boxd.it/8gw8
2021-12-01,Kill Bill: Vol. 2,2004,https://boxd.it/2au4
2021-12-24,The House That Jack Built,2018,https://boxd.it/dWO4
2021-12-26,Arctic,2018,https://boxd.it/gc1Q
2022-01-02,"Jeff, Who Lives at Home",2011,https://boxd.it/2TjU
2022-01-02,If Beale Street Could Talk,2018,https://boxd.it/gGhu
2022-01-06,Wheels,2014,https://boxd.it/98hQ
2022-01-14,Gangs of New York,2002,https://boxd.it/25FG
2022-01-24,In the Name of the Father,1993,https://boxd.it/20I6
2022-01-30,After Yang,2021,https://boxd.it/lx5a
2022-02-03,Requiem for a Dream,2000,https://boxd.it/29VI
2022-02-03,Cape Fear,1991,https://boxd.it/28vu
2022-02-03,Red Dragon,2002,https://boxd.it/1Yrs
2022-02-06,Life Itself,2014,https://boxd.it/7lqC
2022-02-08,The Fallout,2021,https://boxd.it/tViI
2022-02-15,The Last Temptation of Christ,1988,https://boxd.it/1ULe
2022-02-19,The Lost Daughter,2021,https://boxd.it/kgww
2022-02-20,Bad Boys,1995,https://boxd.it/1XVG
2022-02-20,Bad Boys II,2003,https://boxd.it/1ZuW
2022-02-20,Downsizing,2017,https://boxd.it/9Ajq
2022-02-20,A Ghost Story,2017,https://boxd.it/fb0K
2022-03-01,My Own Private Idaho,1991,https://boxd.it/2ak4
2022-03-01,Short Term 12,2013,https://boxd.it/5f6s
2022-03-02,Eraserhead,1977,https://boxd.it/299u
2022-03-02,Mulholland Drive,2001,https://boxd.it/297o
2022-03-03,Collateral,2004,https://boxd.it/28F0
2022-03-03,The Worst Person in the World,2021,https://boxd.it/oyws
2022-03-08,The Suicide Squad,2021,https://boxd.it/fw6O
2022-03-13,Fresh,2022,https://boxd.it/tCNi
2022-03-13,Us,2019,https://boxd.it/gnV6
2022-03-13,The Master,2012,https://boxd.it/2cBG
2022-03-22,The Fly,1986,https://boxd.it/1YIe
2022-04-05,CODA,2021,https://boxd.it/tbf4
2022-04-05,Zack Snyder's Justice League,2021,https://boxd.it/tLOk
2022-04-07,Dirty Rotten Scoundrels,1988,https://boxd.it/1WZi
2022-04-24,The Departed,2006,https://boxd.it/28MA
2022-04-27,District 9,2009,https://boxd.it/1Iik
2022-04-28,The Place Beyond the Pines,2012,https://boxd.it/3mDu
2022-04-30,Balls of Fury,2007,https://boxd.it/1XTK
2022-05-03,A League of Their Own,1992,https://boxd.it/1UdG
2022-05-03,Big,1988,https://boxd.it/271S
2022-05-21,Chronicle,2012,https://boxd.it/2Emk
2022-05-22,The Super Mario Bros. Movie,2023,https://boxd.it/i8C8
2022-06-04,The Bob's Burgers Movie,2022,https://boxd.it/if7w
2022-06-08,A Few Good Men,1992,https://boxd.it/29nw
2022-06-08,Accidental Love,2015,https://boxd.it/acfG
2022-06-08,Steve Jobs,2015,https://boxd.it/araG
2022-06-14,Hustle,2022,https://boxd.it/qpig
2022-07-08,Marcel the Shell with Shoes On,2021,https://boxd.it/wMAk
2022-07-08,The Quiet Girl,2022,https://boxd.it/yvgm
2022-07-08,The Northman,2022,https://boxd.it/nK2s
2022-07-10,Minions: The Rise of Gru,2022,https://boxd.it/fz9w
2022-07-28,The Intouchables,2011,https://boxd.it/2FT0
2022-08-06,Thirteen Lives,2022,https://boxd.it/q7O4
2022-09-02,Eden Lake,2008,https://boxd.it/1Q1m
2022-09-03,Doctor Sleep,2019,https://boxd.it/i5vI
2022-09-05,Million Dollar Baby,2004,https://boxd.it/2bdI
2022-09-05,Orphan,2009,https://boxd.it/1CgM
2022-09-05,The Sting,1973,https://boxd.it/1Z5s
2022-09-05,Butch Cassidy and the Sundance Kid,1969,https://boxd.it/29Vy
2022-09-06,Jaws,1975,https://boxd.it/2a5e
2022-09-07,Three Thousand Years of Longing,2022,https://boxd.it/kmoy
2022-09-26,Pearl,2022,https://boxd.it/zPbe
2022-09-29,My Friend Dahmer,2017,https://boxd.it/fQ7W
2022-10-02,Late Spring,1949,https://boxd.it/1DkK
2022-10-07,Mogul Mowgli,2020,https://boxd.it/oMpq
2022-10-11,Fist Fight,2017,https://boxd.it/bAIO
2022-10-11,21 Bridges,2019,https://boxd.it/juea
2022-10-13,Batman,1966,https://boxd.it/26uO
2022-10-13,Twins,1988,https://boxd.it/1YxK
2022-10-13,The Virgin Suicides,1999,https://boxd.it/28JG
2022-10-18,My Dinner with Andre,1981,https://boxd.it/1vLe
2022-11-01,Moulin Rouge!,2001,https://boxd.it/29wI
2022-11-05,Wendell & Wild,2022,https://boxd.it/iwtu
2022-11-05,All Quiet on the Western Front,2022,https://boxd.it/H08
2022-11-05,TÁR,2022,https://boxd.it/uNIA
2022-11-05,Triangle of Sadness,2022,https://boxd.it/hXlq
2022-11-05,Decision to Leave,2022,https://boxd.it/qp9e
2022-11-11,The Rutles: All You Need Is Cash,1978,https://boxd.it/1Kea
2022-11-15,The Guard,2011,https://boxd.it/2eBS
2022-11-15,How the Grinch Stole Christmas!,1966,https://boxd.it/1Qj6
2022-11-15,Rudolph the Red-Nosed Reindeer,1964,https://boxd.it/1Qis
2022-11-15,The Nightmare Before Christmas,1993,https://boxd.it/1YzQ
2022-11-15,Daddy's Home 2,2017,https://boxd.it/ePpI
2022-11-15,Daddy's Home,2015,https://boxd.it/8jSc
2022-11-15,Little Fockers,2010,https://boxd.it/13Ea
2022-11-18,"Wake Up, Ron Burgundy: The Lost Movie",2004,https://boxd.it/1XpU
2022-11-18,Dick,1999,https://boxd.it/1KaC
2022-11-18,The Good Nurse,2022,https://boxd.it/jIXI
2022-11-18,Are You Here,2013,https://boxd.it/6fPO
2022-11-18,The Angriest Man in Brooklyn,2014,https://boxd.it/4OtO
2022-11-18,Absolutely Anything,2015,https://boxd.it/34Ry
2022-11-27,Three Identical Strangers,2018,https://boxd.it/hDNO
2022-12-02,The Damned United,2009,https://boxd.it/1ByU
2022-12-04,Nacho Libre,2006,https://boxd.it/1YTG
2022-12-04,Primal Fear,1996,https://boxd.it/28ws
2022-12-04,Motherless Brooklyn,2019,https://boxd.it/ieJk
2022-12-05,Heaven Knows What,2014,https://boxd.it/8P1a
2022-12-06,¡Three Amigos!,1986,https://boxd.it/20f4
2022-12-06,Caddyshack,1980,https://boxd.it/1SCO
2022-12-11,Starsky & Hutch,2004,https://boxd.it/1YOQ
2022-12-12,Guillermo del Toro's Pinocchio,2022,https://boxd.it/kjMW
2022-12-22,Big Fish,2003,https://boxd.it/2a3M
2022-12-22,Matilda,1996,https://boxd.it/1VhY
2022-12-22,L.A. Confidential,1997,https://boxd.it/27oC
2022-12-22,Throw Momma from the Train,1987,https://boxd.it/1SPy
2022-12-23,Blue Valentine,2010,https://boxd.it/MxG
2023-01-09,Fear and Loathing in Las Vegas,1998,https://boxd.it/27Xs
2023-01-09,Speed Racer,2008,https://boxd.it/20UQ
2023-01-09,Mishima: A Life in Four Chapters,1985,https://boxd.it/1sBA
2023-01-09,The Rapture,1991,https://boxd.it/28Om
2023-01-09,A.I. Artificial Intelligence,2001,https://boxd.it/29Ve
2023-01-09,"Good Morning, Vietnam",1987,https://boxd.it/29Aq
2023-01-11,Raising Arizona,1987,https://boxd.it/2avQ
2023-01-11,An American Werewolf in London,1981,https://boxd.it/29yk
2023-01-11,Carrie,1976,https://boxd.it/20ZQ
2023-01-11,The Wild Bunch,1969,https://boxd.it/2a5y
2023-01-25,Across the Universe,2007,https://boxd.it/23X4
2023-01-28,Mary and Max,2009,https://boxd.it/1y2m
2023-01-31,The Fabelmans,2022,https://boxd.it/ugoM
2023-01-31,Babylon,2022,https://boxd.it/mM02
2023-01-31,Videodrome,1983,https://boxd.it/29uC
2023-02-01,A Merry Friggin' Christmas,2014,https://boxd.it/8T0q
2023-02-01,Old Dogs,2009,https://boxd.it/1zPE
2023-02-05,Puss in Boots: The Last Wish,2022,https://boxd.it/aaie
2023-02-07,Children of Men,2006,https://boxd.it/1Y2i
2023-02-07,Boogie Nights,1997,https://boxd.it/23um
2023-02-07,Magnolia,1999,https://boxd.it/2aze
2023-02-07,Whiplash,2013,https://boxd.it/cJds
2023-02-07,Moonlight,2016,https://boxd.it/d6bE
2023-02-10,Paint,2023,https://boxd.it/uYp0
2023-02-11,What We Do in the Shadows,2014,https://boxd.it/7eQy
2023-02-11,How to Train Your Dragon: The Hidden World,2019,https://boxd.it/5a9w
2023-02-15,Life Is Beautiful,1997,https://boxd.it/29Wm
2023-02-17,Somebody I Used to Know,2023,https://boxd.it/wMaw
2023-02-22,Infinity Pool,2023,https://boxd.it/oPSK
2023-03-04,The Thin Red Line,1998,https://boxd.it/1ZTM
2023-03-06,Blazing Saddles,1974,https://boxd.it/1UHQ
2023-03-10,Fool's Paradise,2023,https://boxd.it/kdC2
2023-03-17,Paul McCartney: Back in the U.S.,2002,https://boxd.it/1uHU
2023-04-04,The Boy and the Heron,2023,https://boxd.it/ipeM
2023-05-05,Beau Is Afraid,2023,https://boxd.it/u2gE
2023-05-05,Evil Dead Rise,2023,https://boxd.it/qIvo
2023-05-05,Scream VI,2023,https://boxd.it/zdfW
2023-05-05,"Are You There God? It's Me, Margaret.",2023,https://boxd.it/kiYC
2023-05-18,Air,2023,https://boxd.it/Arlc
2023-05-18,John Mulaney & The Sack Lunch Bunch,2019,https://boxd.it/o9Fu
2023-05-25,You've Got Mail,1998,https://boxd.it/1Yye
2023-05-27,Ip Man,2008,https://boxd.it/1NrQ
2023-05-27,Ip Man 2,2010,https://boxd.it/18gs
2023-05-27,Ip Man 3,2015,https://boxd.it/cDqA
2023-05-27,Ip Man 4: The Finale,2019,https://boxd.it/g2eq
2023-06-06,Monty Python's The Meaning of Life,1983,https://boxd.it/249E
2023-06-09,Indecent Proposal,1993,https://boxd.it/24h4
2023-06-17,BlackBerry,2023,https://boxd.it/CoVK
2023-06-23,The Football Factory,2004,https://boxd.it/1WBA
2023-06-23,"Three Billboards Outside Ebbing, Missouri",2017,https://boxd.it/ceBS
2023-06-24,The Warriors,1979,https://boxd.it/1TLC
2023-07-04,Dances with Wolves,1990,https://boxd.it/2a4K
2023-07-05,The Incredible Burt Wonderstone,2013,https://boxd.it/45ZA
2023-07-06,Driving Miss Daisy,1989,https://boxd.it/2asC
2023-07-09,Southpaw,2015,https://boxd.it/9Phu
2023-07-09,Jackie Brown,1997,https://boxd.it/2aVO
2023-07-09,Grindhouse,2007,https://boxd.it/8RwY
2023-07-09,Hook,1991,https://boxd.it/29nQ
2023-07-09,Insomnia,2002,https://boxd.it/2aB0
2023-07-09,A Fistful of Fingers,1995,https://boxd.it/xCG
2023-07-09,The Sparks Brothers,2021,https://boxd.it/tboq
2023-07-12,The Favourite,2018,https://boxd.it/d2hI
2023-07-26,A Very Murray Christmas,2015,https://boxd.it/cBeM
2023-07-26,The Phoenician Scheme,,https://boxd.it/H0Ca
2023-07-26,The Adults,2023,https://boxd.it/EL1u
2023-07-29,Nimona,2023,https://boxd.it/Aiyc
2023-07-29,Lord of War,2005,https://boxd.it/284y
2023-07-29,Adaptation.,2002,https://boxd.it/26mA
2023-07-29,Burn After Reading,2008,https://boxd.it/23BW
2023-07-30,The Double,2013,https://boxd.it/4DLW
2023-07-30,Garth Marenghi's Darkplace,2004,https://boxd.it/pMvA
2023-08-22,Talk to Me,2022,https://boxd.it/C6uQ
2023-08-23,On the Count of Three,2021,https://boxd.it/tbfI
2023-08-30,Bottoms,2023,https://boxd.it/uGf2
2023-09-06,Don't Look Now,1973,https://boxd.it/29fC
2023-09-06,Invasion of the Body Snatchers,1978,https://boxd.it/1SWk
2023-09-06,JFK,1991,https://boxd.it/29xm
2023-09-06,A Time to Kill,1996,https://boxd.it/28pc
2023-09-06,Animal House,1978,https://boxd.it/2062
2023-09-06,The Dirty Dozen,1967,https://boxd.it/28nK
2023-09-06,Misery,1990,https://boxd.it/28gY
2023-09-07,American Graffiti,1973,https://boxd.it/29us
2023-09-30,The Client,1994,https://boxd.it/1VwO
2023-09-30,Rolling Thunder,1977,https://boxd.it/1BgG
2023-09-30,Space Cowboys,2000,https://boxd.it/22W0
2023-09-30,The Homesman,2014,https://boxd.it/7SXO
2023-09-30,The Sunset Limited,2011,https://boxd.it/o8M
2023-09-30,The Three Burials of Melquiades Estrada,2005,https://boxd.it/20DK
2023-09-30,Lonesome Dove,1989,https://boxd.it/9ymM
2023-09-30,Natural Born Killers,1994,https://boxd.it/2aNg
2023-09-30,The Executioner's Song,1982,https://boxd.it/1Fcy
2023-10-01,The Peanut Butter Falcon,2019,https://boxd.it/gzu2
2023-10-02,Give My Regards to Broad Street,1984,https://boxd.it/1dli
2023-10-28,Houdini,2014,https://boxd.it/92a0
2023-12-02,The Holdovers,2023,https://boxd.it/vHza
2023-12-05,Forgetting Sarah Marshall,2008,https://boxd.it/1XEq
2023-12-10,Warrior,2011,https://boxd.it/i3G
2023-12-15,The Third Man,1949,https://boxd.it/294E
2023-12-21,The Darjeeling Limited,2007,https://boxd.it/24as
2024-01-04,Dream Scenario,2023,https://boxd.it/v2h0
2024-01-04,Godzilla Minus One,2023,https://boxd.it/zu4c
2024-01-04,May December,2023,https://boxd.it/vEE2
2024-01-04,Priscilla,2023,https://boxd.it/Cz3k
2024-01-04,The Iron Claw,2023,https://boxd.it/w5Pm
2024-01-13,Dumb Money,2023,https://boxd.it/tNdU
2024-01-26,Total Recall,1990,https://boxd.it/29qK
2024-01-27,My Girl,1991,https://boxd.it/24PK
2024-01-30,The Book of Eli,2010,https://boxd.it/1Dnu
2024-01-30,Sound of Freedom,2023,https://boxd.it/piEi
2024-02-09,To the Bone,2017,https://boxd.it/e5AK
2024-02-15,American Fiction,2023,https://boxd.it/DYHm
2024-02-15,The Zone of Interest,2023,https://boxd.it/gJsA
2024-02-21,One Day,2024,https://boxd.it/L1ZM
2024-02-24,Fury,2014,https://boxd.it/6JwC
2024-03-17,Fallen Leaves,2023,https://boxd.it/Bgew
2024-03-17,Godland,2022,https://boxd.it/Ag9E
2024-03-17,Showing Up,2022,https://boxd.it/tJ1q
2024-03-17,The Killing of a Sacred Deer,2017,https://boxd.it/dZ5G
2024-03-17,The Lobster,2015,https://boxd.it/7tnw
2024-03-22,My Left Foot: The Story of Christy Brown,1989,https://boxd.it/1WW4
2024-03-22,The Last King of Scotland,2006,https://boxd.it/28FE
2024-03-22,Capote,2005,https://boxd.it/2atq
2024-03-22,Ray,2004,https://boxd.it/28km
2024-03-22,Mystic River,2003,https://boxd.it/2aAG
2024-03-22,The Pianist,2002,https://boxd.it/2aqc
2024-03-22,Cool Hand Luke,1967,https://boxd.it/29jY
2024-03-22,Vertigo,1958,https://boxd.it/2apI
2024-03-22,Rear Window,1954,https://boxd.it/2a6Q
2024-03-22,North by Northwest,1959,https://boxd.it/2aRM
2024-03-22,The Bridge on the River Kwai,1957,https://boxd.it/29wo
2024-04-03,Front of the Class,2008,https://boxd.it/9s8
2024-04-10,Kung Fu Hustle,2004,https://boxd.it/1YBi
2024-04-27,Little Fish,2020,https://boxd.it/lAFK
2024-04-27,Threads,1984,https://boxd.it/1I0g
2024-04-27,Jumanji,1995,https://boxd.it/1ZLI
2024-05-04,Force Majeure,2014,https://boxd.it/7UcA
2024-05-07,Citizen Kane,1941,https://boxd.it/71O
2024-05-07,City of God,2002,https://boxd.it/2a2a
2024-05-07,The Thing,1982,https://boxd.it/294O
2024-05-07,It's Such a Beautiful Day,2012,https://boxd.it/hCY2
2024-05-07,My Life as a Zucchini,2016,https://boxd.it/dL2y
2024-05-07,Fantastic Planet,1973,https://boxd.it/1KnQ
2024-05-07,Rope,1948,https://boxd.it/28yo
2024-05-07,Persona,1966,https://boxd.it/29B4
2024-05-07,The Texas Chain Saw Massacre,1974,https://boxd.it/1lcS
2024-05-15,Once Upon a Time in the West,1968,https://boxd.it/2az4
2024-05-21,I Saw the TV Glow,2024,https://boxd.it/woVe
2024-05-29,Field of Dreams,1989,https://boxd.it/26VK
2024-06-21,Carol,2015,https://boxd.it/7DPK
2024-06-24,Fathers and Daughters,2015,https://boxd.it/7t0W
2024-07-07,Me Before You,2016,https://boxd.it/9n98
2024-07-12,Bando Stone and The New World,,https://boxd.it/MBUK
2024-07-17,Walk Hard: The Dewey Cox Story,2007,https://boxd.it/21wK
2024-07-18,Love Streams,1984,https://boxd.it/zOk
2024-07-18,First Reformed,2017,https://boxd.it/go9C
2024-07-18,Theorem,1968,https://boxd.it/237C
2024-07-18,The Other Side of the Underneath,1972,https://boxd.it/vFI
2024-07-18,Inland Empire,2006,https://boxd.it/28d6
2024-07-18,Twin Peaks: Fire Walk with Me,1992,https://boxd.it/27Qw
2024-07-28,Eyes Wide Shut,1999,https://boxd.it/2axs
2024-07-30,The Voices,2014,https://boxd.it/7b3S
2024-07-31,The Natural,1984,https://boxd.it/1TX4
2024-08-01,Fallen Angels,1995,https://boxd.it/1UkW
2024-08-01,Adrift,2018,https://boxd.it/fdiG
2024-08-01,All of Us Strangers,2023,https://boxd.it/Bz3C
2024-08-03,Cha Cha Real Smooth,2022,https://boxd.it/uF8E
